query,correct_answer,correct_sources
интернет,"Слишком широкий запрос. Возможно вы имели в виду:
Как раздать интернет с телефона
Не работает мобильный интернет
Не работает домашний интернет
","https://support.mts.ru/mts_mobilnyy_internet/razdacha-interneta/kak-razdat-internet-s-telefona
https://support.mts.ru/mts_mobilnyy_internet/reshenie-problem-s-internetom/chto-delat-esli-ne-rabotaet-mobilnii-internet
https://support.mts.ru/domashnii_internet_i_tv_instruktsiii/kak-ustranit-nepoladki-v-rabote-domashnego-interneta/chto-delat-esli-ne-rabotaet-domashnii-internet"
Раздача интернета,"Для раздачи интернета включите режим модема в настройках телефона.
Как включить режим модема на Android:
1. Зайдите в Настройки
2. В строке поиска введите запрос «модем»
3. Выберите из результатов поиска Режим модема или Мобильная точка доступа и модем
4. Нажмите на кнопку переключения в пункте, который может называться «Мобильная точка доступа», «Личная точка доступа» или «Точка доступа Wi-Fi» (Названия разделов в разных моделях могут отличаться)
В отдельном пункте вы можете задать пароль для защиты вашего соединения. Тогда подключиться к вашему мобильному интернету, смогут только те, кто знает пароль

Как включить режим модема на iOS:
1. Зайдите в Настройки > Режим модема
2. Нажмите кнопку переключения в пункте Разрешать другим
В отдельном пункте вы можете задать пароль для защиты вашего соединения. Тогда подключиться к вашему мобильному интернету, смогут только те, кто знает пароль. Для этого выберите пункт Пароль Wi-Fi или Пароль WLAN и задайте свой пароль",https://support.mts.ru/mts_mobilnyy_internet/razdacha-interneta/kak-razdat-internet-s-telefona
Не работает интернет,"Если не работает мобильный интернет:
1. Проверьте, что мобильный интернет включён в настройках телефона
2. Проверьте значок сети и уровень сигнала на экране телефона. Если сети нет или делений мало — сигнал слабый или пропадает в месте, где вы находитесь. Такое бывает в зданиях с толстыми стенами, лифтах или подвалах
3. В смартфонах с двумя SIM-картами разные слоты могут поддерживать разные стандарты связи. Попробуйте переставить SIM-карту в другой слот
4. Проверьте баланс. Если он отрицательный, пополните его. При задолженности вы не сможете выйти в интернет, даже если трафик из пакета ещё остался
5. Проверьте, не закончился ли пакет трафика. При необходимости подключите дополнительный пакет. Инструкции есть в статьях Как проверить остаток интернета и Как продлить интернет, если трафик закончился
6. Переставьте SIM-карту в другой телефон. Если интернет появился, проверьте настройки на своём телефоне — инструкция в статье Как настроить интернет на телефоне. Если интернет не работает, возможно, SIM-карта устарела и её нужно заменить — подробнее в статье Как заменить SIM-карту
7. Перезагрузите телефон — это часто помогает, даже если всё настроено правильно
Если ничего не помогло, запустите онлайн-диагностику в приложении Мой МТС. 

Если не работает домашний интернет, то сначала проверьте баланс в приложении Мой МТС или Личном кабинете. Если он отрицательный, пополните его.
Если не работает Wi-Fi:
1. Перезагрузите роутер — отключите его от розетки на две минуты, а затем снова подключите
2. Удалите сохранённую сеть Wi-Fi на устройстве, с которого не можете подключиться, и подключитесь к ней заново
3. Проверьте сетевой кабель. Если он не повреждён, отсоедините и вновь подсоедините его до щелчка
Если не работает интернет по кабелю:
1. Проверьте сетевой кабель. Если он не повреждён, отсоедините и вновь подсоедините его до щелчка
2. Перезагрузите роутер, компьютер или ноутбук

Если интернет не появился, напишите в чат приложения Мой МТС. Мы проведём диагностику, поможем удалённо или создадим заявку на выезд мастера.","https://support.mts.ru/mts_mobilnyy_internet/reshenie-problem-s-internetom/chto-delat-esli-ne-rabotaet-mobilnii-internet
https://support.mts.ru/domashnii_internet_i_tv_instruktsiii/kak-ustranit-nepoladki-v-rabote-domashnego-interneta/chto-delat-esli-ne-rabotaet-domashnii-internet"
Подключенные услуги,"Чтобы посмотреть подключённые услуги, вы можете воспользоваться приложением Мой МТС или Личным кабинетом. 
Мой МТС:
1. На главном экране нажмите на раздел Подключённые услуги и сервисы
2. На открывшемся экране вы увидите список платных и бесплатных услуг, а также их стоимость, если такие подключены.
3. Нажмите на название услуги, чтобы открыть её описание или отключить.

Личный кабинет:
1. Перейдите в раздел Услуги > Подключённые 
2. На открывшемся экране вы увидите список платных и бесплатных услуг, а также их стоимость, если такие подключены.
3. Для отключения справа от названия услуги нажмите Отключить

Если у вас тариф с абонентской платой, она также будет показана на экране. Отключить плату за тариф нельзя, но можно изменить тариф на другой, если он вам не подходит.",https://support.mts.ru/mts_mobilnaya_svyaz/tarifi-podpiski-i-uslugi/kak-proverit-podklyuchennyye-uslugi
Баланс,"Слишком широкий запрос. Возможно вы имели в виду:
Как проверить баланс мобильного телефона
Как проверить баланс домашнего интернета и ТВ
Как проверить баланс Спутникового ТВ МТС","https://support.mts.ru/mts_mobilnaya_svyaz/balans-i-spisaniya/kak-proverit-balans
https://support.mts.ru/domashnii_internet_i_tv_instruktsiii/schyot-i-oplata/kak-proverit-balans-v-prilozhenii-moi-mts
https://support.mts.ru/mts_stv/oplata/kak-proverit-balans-sputnikovogo-tv-mts"
Баланс номера,"Чтобы посмотреть баланс номера, вы можете воспользоваться приложением Мой МТС или Личным кабинетом. Сумма баланса будет на главной странице.
Проверить баланс также можно, набрав *100# или #100#
",https://support.mts.ru/mts_mobilnaya_svyaz/balans-i-spisaniya/kak-proverit-balans
Баланс домашнего интернета,"Если номер +7 9ХХ ХХХ-ХХ-ХХ или +7 699 ХХХ-ХХ-ХХ:
1. Войдите в приложение Мой МТС по номеру +7 9ХХ ХХХ-ХХ-ХХ или +7 699 ХХХ-ХХ-ХХ, если подключены мобильная связь и услуги для дома в одном пакете 
2. Под номером телефона увидите баланс вашего счёта

Если номер 49Х XXX-XX-XX или 050 XXX-XX-XX, то вы можете воспользоваться приложением Мой МТС или Личным кабинетом.
Мой МТС:
1. Войдите в аккаунт по номеру 49Х XXX-XX-XX или 050 XXX-XX-XX, если подключены интернет и телевидение
2. Под номером телефона увидите баланс вашего счёта

Личный кабинет:
1. Войдите в аккаунт по номеру 49Х XXX-XX-XX или 050 XXX-XX-XX, если подключены интернет и телевидение
2. Баланс счёта увидите справа на главной странице

Как узнать, какой номер основной в пакете: Номер указан в пункте 2 договора, как платёжный идентификатор и логин для входа в Личный кабинет или приложение Мой МТС. Договор выдаётся при подключении услуг в бумажном виде или поступает на email, если вы подписали соглашение для получения документов в электронном виде.
",https://support.mts.ru/domashnii_internet_i_tv_instruktsiii/schyot-i-oplata/kak-proverit-balans-v-prilozhenii-moi-mts
Непоступление платежа на карту,"Если перевод не поступил на карту, сначала проверьте сроки — возможно, платёж ещё «в пути». Для переводов по номеру телефона деньги поступают моментально, а по номеру карты или реквизитам в другой банк — до трёх рабочих дней.
Если срок прошёл, а денег нет, возможны следующие причины:
1. Ошибка в реквизитах получателя.
 Например, неправильно указан номер телефона. 
2. На счёте получателя арест.
 Деньги поступили, но заблокированы или списались на оплату долга. 
3. По карте получателя превышен остаток на счёте.
 По некоторым виртуальным картам на счёте не может быть более 60 000 ₽. Если после перевода остаток будет больше, деньги вернутся обратно.
Если ни одна из причин не подходит, свяжитесь с поддержкой по номеру 8 800 250-05-20 или через чат в приложении МТС Банка (раздел Ещё)
",https://support.mts.ru/perevodi/reshenie-problem-s-perevodami/chto-delat-esli-perevod-ne-prishyol-poluchatelyu
puk,"PUK-код - это цифровой пароль для защиты вашей SIM-карты. Он напечатан на пластиковой основе, к которой крепилась новая SIM-карта.
Если вы не знаете PUK-код, вы можете его получить следующим образом:
1. Попробуйте найти пластиковую основу от SIM-карты, на которой он напечатан.
2. Позвоните по номеру 8 800 250-08-90, где специалисты помогут вам.
3. Обратитесь в салон экосистемы МТС, при этом вам понадобится паспорт.
Помните, что на ввод PUK-кода даётся 10 попыток. Если все попытки будут исчерпаны, SIM-карта заблокируется.
",https://support.mts.ru/mts_mobilnaya_svyaz/zamena-nomera-ili-sim-karti-i-pereoformlenie/pin-kod-i-puk-kod
pin,"PIN-код в мобильной связи -  это цифровой пароль для защиты вашей SIM-карты. Он напечатан на пластиковой основе, к которой крепилась новая SIM-карта.
Если вы не знаете PIN-код, вы можете его получить следующим образом:
1. Попробуйте найти пластиковую основу от SIM-карты, на которой он напечатан.
2. Позвоните по номеру 8 800 250-08-90, где специалисты помогут вам.
3. Обратитесь в салон экосистемы МТС, при этом вам понадобится паспорт.

Установить или изменить PIN-код для банковской карты можно несколькими способами.
В приложении МТС Банка:
1. На главной странице выберите нужную карту
2. Если вы впервые устанавливаете PIN-код, под изображением карты нажмите Установить PIN-код. Если вы хотите поменять PIN-код, под изображением карты в разделе Управление нажмите Изменить PIN-код
3. Придумайте и введите дважды четырёхзначный PIN-код 
4. Чтобы подтвердить изменение, введите код из СМС

Через голосового помощника МТС Банка:
Позвоните нам 8 800 250-05-20 с номера, который вы указали в договоре, и следуйте подсказкам системы.

Чтобы подтвердить PIN-код по пластиковой карте, вставьте карту в банкомат любого банка и проверьте баланс. После этого станет доступна бесконтактная оплата и оплата через терминал в магазинах.","https://support.mts.ru/mts_mobilnaya_svyaz/zamena-nomera-ili-sim-karti-i-pereoformlenie/pin-kod-i-puk-kod
https://support.mts.ru/debetovie_karti/pin-kod/kak-ustanovit--pin-kod"
сим,"Слишком широкий запрос. Возможно вы имели в виду:
Как оформить новую SIM-карту
Как активировать SIM-карту саморегистрации
Что делать, если потерялась SIM-карта

","https://support.mts.ru/mts_mobilnaya_svyaz/oformlenie-novoi-sim-karti/kak-oformit-novuyu-sim-kartu
https://support.mts.ru/mts_mobilnaya_svyaz/oformlenie-novoi-sim-karti/kak-aktivirovatsim-kartu-samoregistratsii
https://support.mts.ru/mts_mobilnaya_svyaz/blokirovka-nomera/dobrovolnaya-blokirovka"
купить симку,"Если вы ищете, где купить новую SIM-карту МТС, выберите один из способов:
На сайте МТС
Оформить SIM-карту на сайте можно, если вы гражданин РФ старше 18 лет.
1. На сайте выберите номер телефона и тариф
2. Введите контактный номер любого сотового оператора и подтвердите его кодом из СМС
3. Подтвердите данные паспорта и подпишите договор
4. Введите реквизиты банковской карты и оплатите заказ
5. Выберите способ получения SIM-карты. Можно заказать бесплатную доставку или запланировать самовывоз из ближайшего салона экосистемы МТС

В салоне экосистемы МТС
Обратитесь в салон экосистемы МТС с паспортом. На водительское удостоверение зарегистрировать номер не получится.
Какие документы потребуются, если:
- вы оформляете номер на другого человека — нотариальная доверенность от него и ваш паспорт
- вы оформляете номер на ребёнка от 14 до 18 лет — письменное согласие от родителя, оба паспорта ребёнка и родителя и их присутствие",https://support.mts.ru/mts_mobilnaya_svyaz/oformlenie-novoi-sim-karti/kak-oformit-novuyu-sim-kartu
активировать сим,"Самостоятельно зарегистрировать можно три SIM-карты в месяц.
Чтобы активировать SIM-карту саморегистрации:
1. Подключите телефон к интернету через Wi-Fi или к мобильному интернету другой SIM-карты
2. Подготовьте QR-код для активации SIM-карты из комплекта от неё. Вы найдёте его на вкладыше внутри конверта или на самом конверте
3. Отсканируйте камерой телефона QR-код для активации SIM-карты
4. На открывшемся сайте пройдите все шаги активации.

Если не получается зарегистрировать SIM-карту, свяжитесь с нами по номеру 8 800 250-08-90, мы разберёмся в ситуации и поможем вам.",https://support.mts.ru/mts_mobilnaya_svyaz/oformlenie-novoi-sim-karti/kak-aktivirovatsim-kartu-samoregistratsii
потерял сим,"Что делать, если потерялась SIM-карта:
1. Заблокируйте номер телефона
Чтобы вашим номером не воспользовались посторонние люди, подключите услугу «Добровольная блокировка» одним из способов:
- позвоните в контактный центр по номеру 8 800 250-08-90
- в салоне экосистемы МТС с паспортом
Пока действует «Добровольная блокировка», услуги связи на номере не работают, плата за тариф и услуги не списывается, кроме платы за саму блокировку.

В первые 14 дней «Добровольная блокировка» бесплатная. Затем списывается 1,1 руб/день.

2. Восстановите SIM-карту
- в салоне экосистемы МТС с паспортом. Если номер оформлен на другого человека, потребуется нотариальная доверенность от владельца и ваш паспорт.
- с помощью платной доставки
На новой SIM-карте сохранятся прежний номер телефона, тариф, баланс и услуги. После замены утерянная SIM-карта перестанет работать.

3. Отключите добровольную блокировку, чтобы снова пользоваться номером
- в приложении Мой МТС или в Личном кабинете — инструкция есть в статье Добровольная блокировка
- в контактном центре по номеру 8 800 250-08-90
- в салоне экосистемы МТС с паспортом

В первые 24 часа после замены SIM-карты могут быть ограничены отправка и получение СМС. Это мера безопасности для защиты баланса номера и привязанных к нему сервисов, включая банковские приложения и Госуслуги.

",https://support.mts.ru/mts_mobilnaya_svyaz/zamena-nomera-ili-sim-karti-i-pereoformlenie/chto-delat-esli-poteryalas-sim-karta
заблокировать номер,"Чтобы вашим номером не воспользовались посторонние люди, подключите услугу «Добровольная блокировка» одним из способов:
- позвоните в контактный центр по номеру 8 800 250-08-90
- в салоне экосистемы МТС с паспортом
Пока действует «Добровольная блокировка», услуги связи на номере не работают, плата за тариф и услуги не списывается, кроме платы за саму блокировку.

В первые 14 дней «Добровольная блокировка» бесплатная. Затем списывается 1,1 руб/день.",https://support.mts.ru/mts_mobilnaya_svyaz/zamena-nomera-ili-sim-karti-i-pereoformlenie/chto-delat-esli-poteryalas-sim-karta
есим,"Слишком широкий запрос. Возможно вы имели в виду:
Как оформить новую eSIM
Как активировать eSIM
Что делать, если потерялся QR-код от eSIM или телефон с eSIM

","https://support.mts.ru/mts_mobilnaya_svyaz/esim/kak-oformit-novuyu-esim
https://support.mts.ru/mts_mobilnaya_svyaz/esim/kak-aktivirovat-esim
https://support.mts.ru/mts_mobilnaya_svyaz/esim/chto-delat-esli-poteryalsya-qr-kod-ot-esim-ili-telefon-s-esim"
е сим,"Слишком широкий запрос. Возможно вы имели в виду:
Как оформить новую eSIM
Как активировать eSIM
Что делать, если потерялся QR-код от eSIM или телефон с eSIM

","https://support.mts.ru/mts_mobilnaya_svyaz/esim/kak-oformit-novuyu-esim
https://support.mts.ru/mts_mobilnaya_svyaz/esim/kak-aktivirovat-esim
https://support.mts.ru/mts_mobilnaya_svyaz/esim/chto-delat-esli-poteryalsya-qr-kod-ot-esim-ili-telefon-s-esim"
подключить есим,"Перед оформлением eSIM проверьте, поддерживает ли ваше устройство эту технологию. Купить новую eSIM МТС можно на сайте МТС или в салоне экосистемы МТС.
На сайте МТС:
Оформить eSIM на сайте можно, если вы гражданин РФ старше 18 лет. Онлайн оформить eSIM можно не чаще двух раз в месяц. 
 1. На сайте вам будет предложен номер телефона и тариф. Если хотите выбрать другой номер или тариф, нажмите Изменить
 2. Введите контактный номер любого сотового оператора и подтвердите его кодом из СМС
 3. Введите cвой email, на который мы пришлём QR-код для активации eSIM. Подтвердите данные паспорта и подпишите договор
 4. Когда вы нажмёте кнопку Подписать, начнёт формироваться счёт на оплату. Обычно это занимает 5 минут, в редких случаях — до 20 минут
Если вы закроете страницу, счёт на оплату сформируется. Мы пришлём вам СМС со ссылкой на продолжение оплаты
 5. Введите реквизиты банковской карты и оплатите заказ
 6. На открывшемся экране вы сразу получите QR-код и ссылку для активации eSIM. Что делать дальше, рассказываем в статье Как активировать eSIM

В салоне экосистемы МТС:
Обратитесь в салон экосистемы МТС с паспортом. На водительское удостоверение зарегистрировать номер не получится.
Какие документы потребуются, если:
- вы гражданин другой страны — паспорт иностранного гражданина
- вы оформляете номер на другого человека — нотариальная доверенность от него и ваш паспорт
- вы оформляете номер на ребёнка от 14 до 18 лет — письменное согласие от родителя, оба паспорта ребёнка и родителя и их присутствие
Если вы гражданин другой страны, предварительно нужно зарегистрироваться на портале Госуслуги, а затем сдать биометрию
",https://support.mts.ru/mts_mobilnaya_svyaz/esim/kak-oformit-novuyu-esim
активировать есим,"Как активировать eSIM:
 1. Убедитесь, что устройство поддерживает технологию eSIM. Полный список моделей размещен на сайте МТС
 2. Подготовьте QR-код для загрузки eSIM
при оформлении eSIM на сайте МТС или в приложении Мой МТС QR-код отправляется на email, который вы указали
при оформлении eSIM в салоне экосистемы МТС или доставкой QR-код будет в полученном вами комплекте с ваучером
 3. Подключите устройство к интернету через Wi-Fi или к мобильному интернету другой SIM-карты
Не отключайте устройство от интернета и не выходите из меню до окончания процесса загрузки и включения eSIM — иногда процесс идёт небыстро
 4. Зайдите в меню телефона для сканирования QR-кода и активации eSIM.
iPhone с iOS версии 16.4.1 и выше:
Если в телефоне нет SIM-карты: Настройки > Сотовая связь > Настройка сотовых данных > Добавить eSIM.
Если в телефоне есть SIM-карта: Настройки > Сотовая связь > Добавить eSIM > По QR-коду.
Отсканируйте QR-код и на открывшемся экране Активировать eSIM нажмите Продолжить. После завершения активации нажмите Готово.

iPhone с iOS ниже версии 16.4.1: Настройки > Сотовая связь > Добавить сотовый тариф. Отсканируйте QR-код и нажмите Добавить сотовый тариф.

Samsung: Настройки > Подключения > Диспетчер SIM-карт > Добавление eSIM > Отсканировать QR-код поставщика услуг. Отсканируйте QR-код и нажмите Подключить. На открывшемся экране Добавление eSIM нажмите Добавить
",https://support.mts.ru/mts_mobilnaya_svyaz/esim/kak-aktivirovat-esim
потерял есим,"Если вы потеряли QR-код или телефон с eSIM, нужно заблокировать свой номер и заменить eSIM, как в случае потери пластиковой SIM-карты.
1. Заблокируйте номер телефона
Подключите добровольную блокировку одним из способов:
- в службе поддержки по номеру 8 800 250-08-90
- в салоне экосистемы МТС с паспортом
При добровольной блокировке услуги связи на номере не работают, плата за тариф и услуги не списывается, кроме платы за саму блокировку.
В первые 14 дней «Добровольная блокировка» бесплатная, далее за неё списывается 1,1 руб/день.

2. Замените eSIM
- в салоне экосистемы МТС с паспортом. Если вам нужно поменять eSIM для другого человека, потребуется нотариальная доверенность от её владельца и ваш паспорт. Замена бесплатная
- с помощью платной доставки
Новую eSIM нужно активировать по QR-коду, который вы получите при замене.
На новой eSIM останутся прежний номер телефона, тариф, баланс и услуги. Потерянная eSIM автоматически отключится от устройства, а её QR-код перестанет работать.

3. Отключите добровольную блокировку, чтобы снова пользоваться номером
- в приложении Мой МТС или в Личном кабинете — инструкция есть в статье Добровольная блокировка
- в контактном центре по номеру 8 800 250-08-90
- в салоне экосистемы МТС с паспортом

В первые 24 часа после замены SIM-карты могут быть ограничены отправка и получение СМС. Это мера безопасности для защиты баланса номера и привязанных к нему сервисов, включая банковские приложения и Госуслуги.",https://support.mts.ru/mts_mobilnaya_svyaz/esim/chto-delat-esli-poteryalsya-qr-kod-ot-esim-ili-telefon-s-esim
как вернуть деньги 300 рублей была ошибка,"Можно вернуть 300 рублей, если они были по ошибке отправлены на номер МТС
Вернуть платёж с ошибочного на правильный номер можно при условии, что:
- вы ошиблись не больше чем в 3 цифрах или поменяли местами не больше 4 цифр верного номера
- с момента оплаты прошло не более 14 дней
- сумма еще не потрачена
Для переноса платежа на номер МТС свяжитесь с нами по номеру 8 800 250-08-90

Если хотите вернуть платеж на банковскую карту, то нужно прийти в салон экосистемы МТС с паспортом и чеком ― бумажным или распечатанным из приложения вашего банка. В салоне вы заполните заявление на возврат. При этом:
- деньги можно вернуть только на банковскую карту, с которой был ошибочный платёж
- заявление должен написать владелец карты, с которой была оплата; подать его за родственника или знакомого не получится
Если все условия соблюдены, деньги вернутся на карту в срок до 30 дней.

Чтобы вернуть ошибочный платёж, отправленный на номер другого мобильного оператора, обратитесь в его службу поддержки",https://support.mts.ru/mts_mobilnaya_svyaz/popolnenie-schyota/kak-vernut-oshibochnii-platyozh
Абоненская плата по тарифу,"Узнать условия своего тарифа, в т.ч. абонентскую плату можно тремя способами.
В приложении Мой МТС:
На главном экране вы можете узнать название своего тарифа и размер пакетов интернета, минут, СМС и их остатки. Чтобы уточнить плату по тарифу и дату следующего списания, нажмите на название тарифа. Чтобы посмотреть полное описание тарифа, нажмите на кнопку О тарифе рядом с его названием.

В личном кабинете:
В разделе Мой тариф вы увидите название своего тарифа. Если он с абонентской платой, там же вы можете посмотреть её размер и дату списания. Чтобы посмотреть полное описание тарифа, нажмите Условия.

С помощью команды:
Наберите *111*59#. Вы получите СМС с названием вашего тарифа и ссылкой на страницу Тарифы на сайте МТС.",https://support.mts.ru/mts_mobilnaya_svyaz/tarifi-podpiski-i-uslugi/kak-uznat-usloviya-svoego-tarifa
Автоматические настройки телефона,"Автоматические настройки телефона можно получить, подключив бесплатную услугу «Доступ без настроек», набрав *111*2156#.
Эта услуга позволит автоматически добавить необходимые параметры для настройки интернета и ММС.",https://support.mts.ru/mts_mobilnaya_svyaz/sms-i-mms/nastroiki-mms-na-telefone
Автоплатеж,"Автоплатёж нужен для того, чтобы не держать в голове даты списания платы по тарифу и других платежей. Он автоматически пополнит с вашей банковской карты баланс номера МТС. 

Один человек может подключить несколько автоплатежей с одной или нескольких банковских карт для пополнения разных номеров телефона ― не только своих, но и своих близких. Подключение автоплатежей бесплатно, комиссии за пополнение счёта тоже нет.

Подключить Автоплатеж можно одним из следующих способов.
В приложении Мой МТС:
1. На главном экране нажмите на сумму баланса
2. Нажмите Настроить автоплатёж
3. Нажмите на кнопку Подключить автоплатёж. Если у вас уже есть автоплатежи, кнопка будет называться Добавить новый
4. Заполните поля: напишите номер для пополнения, способ оплаты, название автоплатежа, вид автоплатежа, сумму пополнения и прочие параметры. Некоторые поля уже будут заполнены, можно указать в них свои значения. Далее нажмите Подключить
5. Вам придёт СМС с кодом. Введите его, чтобы подтвердить подключение автоплатежа

В Личном кабинете:
1. На главной странице нажмите Пополнить > Автоплатежи. Вы перейдёте на сайт МТС Оплата в раздел Автоплатежи. Если вы открываете Личный кабинет с компьютера, кнопка Автоплатежи будет рядом с балансом и кнопкой Пополнить
2. Нажмите Подключить автоплатёж
3. Выберите назначение автоплатежа — Моб. телефон МТС
4. Заполните поля: напишите номер для пополнения, способ оплаты, название автоплатежа, вид автоплатежа, сумму пополнения и прочие параметры. Некоторые поля уже будут заполнены, можно указать в них свои значения. Далее нажмите Подключить автоплатёж
5. Вам придёт СМС с кодом. Введите его, чтобы подтвердить подключение автоплатежа",https://support.mts.ru/mts_mobilnaya_svyaz/avtoplatyozh-na-nomer-mts/kak-podklyuchit-avtoplatyozh-na-nomer-mts
Автоплатеж убрать,"Чтобы отключить автоплатеж, вы можете воспользоваться одним из следующих способов в зависимости от того, где он был подключен:
В приложении Мой МТС:
1. На главном экране нажмите на сумму баланса
2. Нажмите Настроить автоплатёж
3. Нажмите на автоплатёж, который хотите отключить
4. В нижней части экрана нажмите Ещё действия
5. Нажмите Отключить

В Личном кабинете:
1. На главной странице нажмите Пополнить > Автоплатежи. Вы перейдёте на сайт МТС Оплата в раздел Автоплатежи
Если вы открываете Личный кабинет с компьютера, кнопка Автоплатежи будет рядом с балансом и кнопкой Пополнить
2. Выберите автоплатёж, который нужно отключить
3. Нажмите на значок корзины
4. Нажмите Удалить

Если автоплатёж был подключён не в сервисах МТС, а в приложении другого банка, отключить его можно там же. Если будут вопросы, обратитесь в службу поддержки этого банка.",https://support.mts.ru/mts_mobilnaya_svyaz/avtoplatyozh-na-nomer-mts/kak-otklyuchit-avtoplatyozh-na-nomer-mts
Автопродление,"Дополнительные пакеты интернета начинают автоматически подключаться после того, как закончился пакет интернета по тарифу. До следующего списания платы по тарифу может подключиться до 15 дополнительных пакетов. Стоимость каждого пакета списывается в момент его подключения. Если вы не хотите, чтобы по вашему номеру подключались дополнительные пакеты трафика, вы можете отключить автопродление, подключив бесплатную услугу «Отмена доп. интернета» через приложение Мой МТС или в Личном кабинете.

",https://support.mts.ru/mts_mobilnyy_internet/prodlenie-interneta/avtoprodlenie-interneta
Авторизация,"МТС ID — ваш единый аккаунт для входа во все сервисы экосистемы МТС. 

С ним не нужно держать в голове логины и пароли от разных продуктов и приложений. С МТС ID вы войдёте в приложение Мой МТС и Личный кабинет, в KION, МТС Музыку, Строки и множество других.

Как входить в приложения и на сайты с МТС ID:
Понадобится только ваш номер мобильного телефона МТС или любого другого сотового оператора РФ. Он будет вашим логином. Для входа введите ваш номер телефона и нажмите Далее. В ответ придёт СМС с кодом, введите его.
",https://support.mts.ru/mts_id/obschaya-informatsiya-o-mts-id/chto-takoe-mts-id-i-dlya-chego-on-nuzhen 
активация,"Слишком широкий запрос. Возможно вы имели в виду:
Активация SIM-карты саморегистрации
Активация eSIM
Активация промокодов в книжном сервисе Строки","https://support.mts.ru/mts_mobilnaya_svyaz/oformlenie-novoi-sim-karti/kak-aktivirovatsim-kartu-samoregistratsii
https://support.mts.ru/mts_mobilnaya_svyaz/esim/kak-aktivirovat-esim
https://support.mts.ru/stroki/aktsii-i-promokodi/aktivatsiya-promokodov_v_service"
Аренда,"Слишком широкий запрос. Возможно вы имели в виду:
Аренда павербанков Юрент
Аренда электросамокатов Юрент
Аренда роутера и ТВ-приставки","https://support.mts.ru/mts_urent/arenda-paverbankov
https://support.mts.ru/mts_urent/opisanie-tarifov-na-poezdki/tarifi-na-arendu-elektrosamokatov
https://support.mts.ru/domashnii_internet_i_tv_instruktsiii/oborudovanie/kak-poluchit-router-i-pristavku"
Аренда оботудования роутер,"Интернет-роутер и ТВ-приставку можно взять в аренду или купить.

Для их получения нужно подключить домашние услуги на свой адрес. Оставить заявку на подключение услуг можно на сайте [https://moskva.mts.ru/personal/dom/home-allmts/moskva]",https://support.mts.ru/domashnii_internet_i_tv_instruktsiii/oborudovanie/kak-poluchit-router-i-pristavku
Архивная детализация,"Архивную детализацию расходов, давностью от полугода до трёх лет, можно получить только на электронную почту. Для этого необходимо:
В приложении Мой МТС:
1. Откройте Расходы
2. Нажмите ↓ Детализация
3. Выберите Отчёт по расходам
4. Выберите период и формат документа: PDF или XLSX
5. Нажмите Отправить на email

В Личном кабинете:
1. Перейдите в раздел Расходы
2. Нажмите Детализация и счёт
3. Выберите нужный период.
4. Выберите формат документа: PDF или XLSX.
5. Введите адрес электронной почты и нажмите Отправить на email
",https://support.mts.ru/mts_mobilnaya_svyaz/balans-i-spisaniya/kak-zakazat-detalizatsiyu
Без абонентской платы,"Если используете телефон только для разговоров, а мобильный интернет вам не нужен, подойдёт тариф МТС Налегке. На нём звонки и отправленные SMS оплачиваются по факту. Найти полное описание тарифа и перейти на него можно:
В приложении Мой МТС:
 1. На главном экране перейдите в раздел Каталог
 2. Выберите Тарифы
 3. Выберите категорию Для особых случаев
 4. Нажмите МТС Налегке
 5. Откроется страница с описанием тарифа МТС Налегке. Нажмите Перейти на этот тариф

В Личном кабинете:
 1. Перейдите в раздел Тарифы
 2. Чтобы найти тариф МТС Налегке, наберите его название в строке поиска или выберите категорию Для особых случаев
 3. Если нажмёте на название тарифа, увидите его полное описание. Для перехода на этот тариф нажмите Перейти",https://support.mts.ru/mts_mobilnaya_svyaz/tarifi-podpiski-i-uslugi/kak-vibrat-tarif-bez-abonentskoi-plati-i-bez-interneta
"расходуется трафик, хотя у меня безлимит","Если у вас подключена опция для безлимитного интернета в соцсетях или мессенджерах, важно учитывать, что она действует только на трафик внутри этих сервисов, но не на встроенный контент с других ресурсов.
Это значит, что безлимит не будет распространяться на трафик, потраченный при просмотре такого контента. На него будет расходоваться мобильный интернет из пакета по тарифу.",https://support.mts.ru/mts_mobilnyy_internet/rashod-interneta/pochemu-internet-tratitsya-na-sotsseti-ili-videoservisi-kotorimi-vi-ne-polzovalis
Безлимит кион,"Услуга Безлимит на KION позволяет смотреть фильмы, сериалы и ТВ-каналы в онлайн-кинотеатре без расхода основного пакета мобильного интернета. Она рассчитана на использование до 200 ГБ в месяц, после чего скорость интернета снижается до следующей оплаты. Стоимость услуги составляет 49 ₽ в месяц на всех тарифах, кроме МТС Супер, где она предоставляется бесплатно.
Чтобы подключить Безлимит на KION, можно воспользоваться приложением Мой МТС или набрать команду *111*2535*1#.
Важно отметить, что безлимит работает даже без подписки на KION, например, при просмотре 20 бесплатных ТВ-каналов. Однако, если включен VPN или режим Инкогнито, трафик будет расходоваться.",https://support.mts.ru/kion/chto-takoe-kion/kak-ne-raskhodovat-internet-na-prosmotr-kion
Биометрия,"С 1 января 2025 года для активации SIM-карты иностранному гражданину нужно зарегистрироваться на портале Госуслуги, а затем сдать биометрию и подтвердить персональные данные. 

1. По паспорту оформите SIM-карту в салоне экосистемы МТС. Её можно использовать только в одном устройстве, поэтому возьмите его с собой или заранее уточните его IMEI
2. Переведите ваш паспорт на русский язык в бюро переводов и заверьте у нотариуса
3. Оформите СНИЛС в Социальном фонде России, МФЦ или у вашего работодателя. С собой возьмите паспорт и его перевод на русский язык. СНИЛС будет готов сразу
4. Заведите электронный почтовый ящик.
5. Зарегистрируйтесь на Госуслугах:
- по ссылке, если у вас уже есть российский номер и вы клиент российского банка
- лично в МФЦ или банке. С собой возьмите паспорт, его перевод на русский язык и СНИЛС. Сотрудник создаст личный кабинет на ваше имя и отправит документы на проверку. 
После проверки вы получите пароль для первого входа на Госуслуги на телефон или почту. В качестве логина используйте номер, на который вы получили пароль, или СНИЛС 
6. Сдайте биометрию ― данные голоса и скан лица. Для этого возьмите паспорт, его перевод на русский язык и СНИЛС и обратитесь в банк. Запись биометрии в Единой биометрической системе займёт несколько секунд
7. Активируйте SIM-карту по биометрическим данным. Для этого подтвердите их на Госуслугах самостоятельно


",https://support.mts.ru/mts_mobilnaya_svyaz/oformlenie-i-podtverzhdenie-sim-karti-inostrannim-grazhdaninom/kak-inostrannomu-grazhdaninu-oformit-sim-kartu
Блокирвка,"Слишком широкий запрос. Возможно вы имели в виду:
Добровольная блокировка номера
Блокировка из-за долгого неиспользования номера
Как заблокировать банковсккую карту","https://support.mts.ru/mts_mobilnaya_svyaz/blokirovka-nomera/dobrovolnaya-blokirovka
https://support.mts.ru/mts_mobilnaya_svyaz/blokirovka-nomera/blokirovka-iz-za-dolgogo-neispolzovaniya-nomera
https://support.mts.ru/prilozhenie_mts_bank/karti/kak-zablokirovat-kartu
"
блокировать интернет,"Чтобы заблокировать доступ к интернету на телефоне, вы можете воспользоваться двумя способами:
Способ 1:
 В настройках телефона отключите функцию передачи данных:
- на iOS: откройте Настройки > Сотовая связь > Сотовые данные
- на Android: примерный путь: Настройки > Подключения > Использование данных > Мобильные данные
Способ 2:
 Подключите бесплатную услугу «Ограничение интернета в РФ», чтобы запретить доступ к интернету в России, или «Ограничение интернета в международном роуминге» для запрета в других странах. Это можно сделать в приложении Мой МТС или в Личном кабинете.",https://support.mts.ru/mts_mobilnyy_internet/novim-polzovatelyam/kak-otklyuchit-internet-na-telefone
Блокировать карту,"Чтобы заблокировать карту в приложении МТС Банка, выполните следующие шаги:
1. На главной странице выберите нужную карту.
2. Под изображением карты откройте раздел Управление
3. В пункте Блокировка карты нажмите на кнопку переключения, чтобы она стала зелёной.
4. Чтобы подтвердить блокировку, нажмите Заблокировать.
С этого момента любые операции по карте будут недоступны. Блокировка в приложении неокончательная, её можно снять в любой момент.",https://support.mts.ru/prilozhenie_mts_bank/karti/kak-zablokirovat-kartu
Блокировка номера,"Существует два типа блокировки номера в МТС:
1. Добровольная блокировка:
 Эта услуга позволяет сохранить пакеты минут, интернета и СМС, а также деньги на балансе при потере телефона или если вы планируете использовать номер только время от времени. При добровольной блокировке на номере не работают услуги связи, но плата за тариф не списывается, кроме платы за саму блокировку и арендованное оборудование. В первые 14 дней блокировка бесплатная, затем стоит 1,1 ₽ в день.
2. Блокировка из-за долгого неиспользования:
 Если номер не использовался долгое время, он может быть заблокирован. Восстановить такой номер можно, если он еще не оформлен на другого человека, для чего нужно будет заново оформить договор в салоне МТС с паспортом.","https://support.mts.ru/mts_mobilnaya_svyaz/blokirovka-nomera/dobrovolnaya-blokirovka
https://support.mts.ru/mts_mobilnaya_svyaz/blokirovka-nomera/blokirovka-iz-za-dolgogo-neispolzovaniya-nomera"
В казахстане подключить роуминг,"На большинстве тарифов по умолчанию подключена бесплатная услуга «Лёгкий роуминг и международный доступ». С ней можно звонить и принимать звонки, выходить в интернет, отправлять и получать СМС в большинстве стран мира в сетях операторов – роуминговых партнёров МТС [https://support.mts.ru/api/v1/uploads/20240415_Camel_o%D0%BF%D0%B5%D1%80%D0%B0%D1%82%D0%BE%D1%80%D1%8B_%D0%BF%D0%BE_%D1%81%D1%82%D1%80%D0%B0%D0%BD%D0%B0%D0%BC_67bc2108b9a18c6e2096fec9.pdf]

Если вы едете в страну, которой нет в этом списке, потребуется услуга «Международный и национальный роуминг» вместе с услугой «Международный доступ». Проверить наличие данных услуг можно в Личном кабинете в разделе Услуги или в приложении Мой МТС на главном экране нажмите Подключённые услуги и сервисы.",https://support.mts.ru/mts_rouming_i_mezhgorod/poezdki-po-miru/kak-podklyuchit-uslugi-dlya-dostupa-k-svyazi-i-internetu-v-rouminge
В каких случаях кешбэк не начисляется,"Кешбэк за оплату картой МТС CASHBACK не начисляется в следующих случаях:
- За оплату в казино, тотализаторах и других игорных заведениях.
- За покупку дорожных чеков, лотерейных билетов, ценных бумаг, паевых фондов и драгоценных металлов.
- За оплату страховок.
- За покупки в ломбарде.
- За пополнение электронных кошельков и покупки предоплаченных карт.
- За переводы денег на другие счета или финансовые операции.
- За оплату товаров и услуг, которые сложно отнести к определённой категории.
- За узкоспециализированные услуги.
- За оплату государственных услуг, таких как штрафы, сборы, налоговые платежи и другие.
- За оплату по QR-коду или СБП.",https://support.mts.ru/mts_cashback/karta-mts-cashback-169/za-kakie-operatsii-po-karte-keshbek-ne-nachislyaetsya
в случае смерти,"Как переоформить номер на себя, если владелец умер:
Обратитесь в любой салон экосистемы МТС. Возьмите с собой:
- SIM-карту с номером, который вы хотите переоформить на себя. Баланс должен быть положительным
- свидетельство о смерти прежнего владельца номера или ваше свидетельство о праве на наследство
- ваш паспорт
Если у вас есть свидетельство о наследстве, в котором указано право наследования денег с лицевого счета, деньги на балансе сохранятся.

Если свидетельства о наследстве нет или в нём ничего не сказано о наследовании денег на лицевом счёте, при переоформлении номера баланс обнулится. Вернуть остаток денег можно, если вы ранее пополняли баланс этого номера и у вас остались чеки. 

Процедура переоформления номера бесплатная. Обычно она занимает 1 рабочий день, иногда — до 3 рабочих дней.",https://support.mts.ru/mts_mobilnaya_svyaz/smena-i-pereoformlenie-nomera/kak-pereoformit-nomer-na-drugogo-cheloveka
вернуть,"Слишком широкий запрос. Возможно вы имели в виду:
Вернуть ошибочный платёж на номер
Вернуть ошибочный платёж за домашний интернет и ТВ
Вернуть ошибочный перевод с карты
Вернуть оборудование для домашнего интернета и ТВ","https://support.mts.ru/mts_mobilnaya_svyaz/popolnenie-schyota/kak-vernut-oshibochnii-platyozh
https://support.mts.ru/domashnii_internet_i_tv_instruktsiii/schyot-i-oplata/oshibochnii-platyozh
https://support.mts.ru/perevodi/reshenie-problem-s-perevodami/kak-vernut-oshibochnii-perevod-s-karti
https://support.mts.ru/domashnii_internet_i_tv_instruktsiii/oborudovanie/kak-vernut-oborudovanie"
Вернуть билет,"Чтобы вернуть билет, если вы не можете пойти на мероприятие, выполните следующие шаги:
Условия возврата:
- За 10 дней и более до мероприятия — вернём 90% от цены билета.
- За 5-9 дней до мероприятия — 50%.
- За 3-4 дня до мероприятия — 30%.
- Менее чем за 3 дня — возврат невозможен, если организатор не указал другие условия.
Деньги вернутся в течение 30 дней, но обычно это происходит быстрее.
Как вернуть билет:
На сайте:
1. В Профиле перейдите в раздел Мои билеты.
2. Нажмите Оформить возврат.

В приложении:
1. Перейдите в раздел Мои билеты.
2. Выберите билет, который нужно вернуть.
3. Нажмите кнопку Билеты.
4. Нажмите Оформить возврат.

Если вы не вошли в аккаунт при покупке билетов, или у вас возникли другие сложности, позвоните по номеру 8 800 250-20-86 или напишите на почту vozvrat@ticketland.ru.",https://support.mts.ru/mts_mts_live/bileti/kak-vernut-bilet-esli-ne-poluchaetsya-poiti-na-meropriyatie
вернуть деньги,"Слишком широкий запрос. Возможно вы имели в виду:
Вернуть ошибочный платёж на номер
Вернуть ошибочный платёж за домашний интернет и ТВ
Вернуть ошибочный перевод с карты","https://support.mts.ru/mts_mobilnaya_svyaz/popolnenie-schyota/kak-vernut-oshibochnii-platyozh
https://support.mts.ru/domashnii_internet_i_tv_instruktsiii/schyot-i-oplata/oshibochnii-platyozh
https://support.mts.ru/perevodi/reshenie-problem-s-perevodami/kak-vernut-oshibochnii-perevod-s-karti"
Вернуть деньги при переходе на другой тариф,"При переходе на другой тариф в МТС сразу спишется новая абонентская плата, и будут начислены новые пакеты минут, Гбайт и СМС. Непотраченные пакеты по старому тарифу сгорят, и скидка на абонентскую плату также будет потеряна.",https://support.mts.ru/mts_mobilnaya_svyaz/tarifi-podpiski-i-uslugi/kak-izmenit-tarif
Вернуть деньги с телефона,"Чтобы вернуть деньги с телефона, если вы ошибочно отправили платёж на номер МТС, необходимо выполнить следующие шаги:
Перенос платежа на номер МТС:
- Вы можете перенести платёж, если ошибка в номере не превышает 3 цифр или вы поменяли местами не более 4 цифр верного номера.
- С момента оплаты должно пройти не более 14 дней.
- Для этого свяжитесь с поддержкой по номеру 8 800 250-08-90.
Возврат денег на банковскую карту:
- Если вы хотите вернуть деньги на банковскую карту, с которой был осуществлён ошибочный платёж, вам нужно обратиться в салон экосистемы МТС с паспортом и чеком.
- В салоне вы заполните заявление на возврат, и деньги вернутся на карту в срок до 30 дней.
Если платёж был отправлен на номер другого мобильного оператора, вам нужно обратиться в его службу поддержки.",https://support.mts.ru/mts_mobilnaya_svyaz/popolnenie-schyota/kak-vernut-oshibochnii-platyozh
вернуть средства пополнения по ошибке,"Чтобы вернуть деньги с телефона, если вы ошибочно отправили платёж на номер МТС, необходимо выполнить следующие шаги:
Перенос платежа на номер МТС:
- Вы можете перенести платёж, если ошибка в номере не превышает 3 цифр или вы поменяли местами не более 4 цифр верного номера.
- С момента оплаты должно пройти не более 14 дней.
- Для этого свяжитесь с поддержкой по номеру 8 800 250-08-90.
Возврат денег на банковскую карту:
- Если вы хотите вернуть деньги на банковскую карту, с которой был осуществлён ошибочный платёж, вам нужно обратиться в салон экосистемы МТС с паспортом и чеком.
- В салоне вы заполните заявление на возврат, и деньги вернутся на карту в срок до 30 дней.
Если платёж был отправлен на номер другого мобильного оператора, вам нужно обратиться в его службу поддержки.",https://support.mts.ru/mts_mobilnaya_svyaz/popolnenie-schyota/kak-vernut-oshibochnii-platyozh
Вернуть тариф,"К сожалению, возврат тарифов не предусмотрен, если ваш старый тариф был архивным.",https://support.mts.ru/mts_mobilnaya_svyaz/tarifi-podpiski-i-uslugi/kak-vibrat-tarif-bez-abonentskoi-plati-i-bez-interneta
востанеовление номера,"Чтобы восстановить номер, который был заблокирован из-за долгого неиспользования, необходимо обратиться в салон экосистемы МТС с паспортом и оформить новый договор на этот номер, если он еще не оформлен на другого человека.",https://support.mts.ru/mts_mobilnaya_svyaz/blokirovka-nomera/blokirovka-iz-za-dolgogo-neispolzovaniya-nomera
Временная блокировка,"Добровольная блокировка поможет сохранить пакеты минут, интернета и СМС, а также деньги на балансе при потере телефона или оставит за вами номер, которым вы планируете пользоваться лишь время от времени.

При добровольной блокировке:
- на номере не работают услуги связи 
- со счёта не списывается плата за тариф, кроме платы за саму блокировку и арендованное оборудование
В первые 14 дней добровольная блокировка бесплатная. Затем — 1,1 ₽/день.
",https://support.mts.ru/mts_mobilnaya_svyaz/blokirovka-nomera/dobrovolnaya-blokirovka
вторая память,"Вторая Память — это надёжное облачное хранилище от МТС для ваших файлов, фото, видео и контактов. С помощью этого сервиса вы можете:
- автоматически загружать фото и видео с телефона в облако;
- загружать файлы и делиться ими с другими;
- создавать резервные копии контактов;
- получать доступ к загруженным файлам с любого устройства;
- освобождать память устройства, удаляя файлы после загрузки в облако.
Сервис доступен в приложении Вторая память для Android версии 5 и выше, а также для iOS версии 13 и выше.",https://support.mts.ru/mts_vtoraya_pamyat/chto-takoe-mts-vtoraya-pamyat/chto-takoye-mts-vtoraya-pamyat
Вход в личный кабинет не приходят смс,"Почему может не приходить СМС с кодом и что делать:
- в настройках некоторых телефонов можно заблокировать СМС. Проверьте, не отключены ли они у вас, и разблокируйте СМС, если надо
- СМС с кодом отправляется от имени MTC_ID, а на вашем номере установлен запрет на получение СМС с символьных номеров. Снимите его
- сигнал слабый или отсутствует. Если у вас есть доступ к сети Wi-Fi, вы можете подключить функцию VoWiFi и получать СМС через интернет. Подробнее о технологии VoWiFi на сайте

Как войти в МТС ID, если получить СМС с кодом невозможно: В этом случае мы можем отправить код на ваши дополнительные контакты ― email или второй номер, если вы ранее добавили их в МТС ID. Для этого нажмите «Не могу получить СМС». Затем введите код из письма или СМС и войдите в МТС ID.

Если к дополнительному номеру нет доступа или СМС на него не приходят, можно войти в МТС ID с помощью Госуслуг. Рассказываем об этом в статье Что делать, если на резервный номер не приходит СМС с кодом для входа в МТС ID [https://support.mts.ru/mts_id/chto-delat-esli-voznikli-problemi-so-vhodom/chto-delat-esli-na-rezervnii-nomer-ne-prihodit-sms-s-kodom-dlya-vhoda-v-mts-id]",https://support.mts.ru/mts_id/chto-delat-esli-voznikli-problemi-so-vhodom/chto-delat-esli-na-osnovnoi-nomer-ne-prihodit-sms-s-kodom-dlya-vhoda-v-mts-id
Вход по коду кион,"Для входа в приложение KION необходимо ввести ПИН-код, который защищает доступ к контенту, особенно если у детей есть доступ к сервису. Это требование связано с защитой детей от неподходящей информации, согласно Федеральному закону о защите детей от информации, причиняющей вред их здоровью и развитию.
Если вы хотите убрать запрос ПИН-кода при входе, вы можете отключить эту функцию в настройках профиля. Для этого нужно выбрать свой основной профиль и выключить функцию запрашивания ПИН-кода.",https://support.mts.ru/kion/pin-kod/pochemu-pri-vhode-v-prilozhenie-nuzhno-vvodit-pin-kod
Вызов мастера по настройке роутера,"Напишите в чат приложения Мой МТС. 
1. Зайдите в раздел Поддержка
2. Выберите Написать в чат

Если не получится решить вопрос удалённо, мы назначим выезд мастера на удобное для вас время. Выезд бесплатный, если поломка произошла не по вашей вине. Причину неисправности мастер определит на месте и назовёт стоимость перед началом работ. Платный выезд возможен только при отсутствии блокировок. Оплата работ будет включена в единый счёт, платить наличными мастеру не нужно. Для подписания акта выполненных работ нужен паспорт владельца договора.
",https://support.mts.ru/domashnii_internet_i_tv_instruktsiii/kak-vizvat-mastera/kak-vizvat-mastera-esli-ne-rabotayut-uslugi
Группа для близких,"Группа для близких — это услуга от МТС, позволяющая создать семейную группу для управления мобильной связью ваших близких. Если у вас тариф МТС Супер, МТС Больше, Тариф 24, Тариф №1, Тариф №7 или Новогодний+, вы можете добавить участников в группу, и они получат бесплатный тариф МТС для близких с собственными пакетами интернета, минут и СМС. Ваш собственный тариф при этом не изменится.

Звонки внутри группы бесплатны, и трафик в популярных мессенджерах не расходует пакет интернета. 

Чтобы добавить участника, нужно воспользоваться приложением Мой МТС, выбрать номер из контактов и отправить приглашение. После принятия приглашения тариф участника автоматически сменится на МТС для близких.

Если вам нужно удалить участника, это также можно сделать через приложение, выбрав номер и подтвердив удаление.

Подробнее о группе для близких можно узнать на сайте МТС [https://mts.ru/personal/mobilnaya-svyaz/uslugi/mobilnaya-svyaz/gruppa_dlya_blizkih]",https://support.mts.ru/mymts/upravlenie-nomerami-blizkih/gruppa-dlya-blizkih
Гудок сменить,"Чтобы сменить гудок на мелодию, вы можете воспользоваться несколькими способами:
1. На сайте МТС GOOD’OK:
Войдите в свой аккаунт, выберите мелодию в каталоге и нажмите ""Установить"".
2. В приложении Мой МТС:
Войдите в приложение, выберите раздел ""Услуги"", затем ""Развлечения"" и выберите ""Гудки"". Нажмите ""МТС GOOD'OK"", затем ""Подключить"" и выберите мелодию.
3. Позвоните по номеру 0550:
В голосовом меню прослушайте мелодии и выберите нужную, нажав 1 во время её звучания.
4. Через USSD-команду:
Наберите *111*221# и следуйте подсказкам на экране для выбора мелодии.

Теперь вместо гудка у вас будет выбранная мелодия, а на ваш номер подключится услуга МТС GOOD'OK.",https://support.mts.ru/mts_goodok/kak-podklyuchit--goodok/podklyuchenie
Данные паспорта,"Подтвердить или обновить данные паспорта можно несколькими способами:
1. через Госуслуги
2. по фото паспорта
3. через T-Банк
4. с помощью Alfa ID
5. с помощью Сбер ID","https://support.mts.ru/mts_id/podtverzhdenie-i-izmenenie-dannih-v-akkaunte/podtverzhdenie-personalnih-dannih-s-pomoschyu-portala-gosuslugi
https://support.mts.ru/mts_id/podtverzhdenie-i-izmenenie-dannih-v-akkaunte/podtverzhdenie-dannih-po-foto-i-pasportnim-dannim
https://support.mts.ru/mts_id/podtverzhdenie-i-izmenenie-dannih-v-akkaunte/podtverzhdenie-i-izmenenie-dannih-s-pomoschyu-tinkoff-id
https://support.mts.ru/mts_id/podtverzhdenie-i-izmenenie-dannih-v-akkaunte/kak-podtverdit-ili-izmenit-dannie-s-pomoschyu-alfa-id
https://support.mts.ru/mts_id/podtverzhdenie-i-izmenenie-dannih-v-akkaunte/kak-podtverdit-ili-izmenit-dannie-s-pomoschyu-sber-id"
Детализация,"Детализация — это полные данные о том, как вы пользовались услугами связи в выбранный период. В ней содержатся все даты и суммы списаний и пополнений, а также список всех звонков, интернет-сессий и СМС. Все события в детализации идут по порядку, начиная с самых ранних.
Чтобы заказать детализацию, вы можете воспользоваться следующими способами:
В приложении Мой МТС:
1. Откройте раздел Расходы.
2. Нажмите на Детализация.
3. Выберите Отчёт по расходам.
4. Укажите период и формат документа: PDF или XLSX.
5. Если хотите сразу загрузить детализацию, нажмите Скачать. Чтобы получить документ на email, введите свой адрес и нажмите Отправить на email.
В Личном кабинете:
1. Перейдите в раздел Расходы.
2. Нажмите на Детализация и счёт.
3. Выберите нужный период.
4. Укажите формат документа: PDF или XLSX.
5. Если хотите сразу загрузить детализацию, нажмите Скачать. Для получения документа на email наберите адрес и нажмите Отправить на email.
Обратите внимание, что детализацию давностью от полугода до трёх лет можно получить только на email.",https://support.mts.ru/mts_mobilnaya_svyaz/balans-i-spisaniya/kak-zakazat-detalizatsiyu
Детализация звонков,"Посмотреть детализацию звонков за нужный период можно в отчёте по расходам. В нём вы найдёте все даты и суммы списаний и пополнений, список всех звонков, интернет-сессий и СМС.

Что показывает детализация звонков:
- дату и время звонка
- входящий он был или исходящий
- номер телефона, с которого звонили или на который звонили
- сколько длился разговор
- сколько стоил звонок

Распечатку звонков можно бесплатно скачать или получить на email в приложении Мой МТС или в Личном кабинете. Как это сделать:
В приложении Мой МТС:
1. Откройте раздел Расходы.
2. Нажмите на Детализация.
3. Выберите Отчёт по расходам.
4. Укажите период и формат документа: PDF или XLSX.
5. Если хотите сразу загрузить детализацию, нажмите Скачать. Чтобы получить документ на email, введите свой адрес и нажмите Отправить на email.
В Личном кабинете:
1. Перейдите в раздел Расходы.
2. Нажмите на Детализация и счёт.
3. Выберите нужный период.
4. Укажите формат документа: PDF или XLSX.
5. Если хотите сразу загрузить детализацию, нажмите Скачать. Для получения документа на email наберите адрес и нажмите Отправить на email.
Обратите внимание, что детализацию давностью от полугода до трёх лет можно получить только на email.
",https://support.mts.ru/mts_mobilnaya_svyaz/balans-i-spisaniya/kak-sdelat-detalizatsiyu-zvonkov
Диагностика мобильного интернета,"Запустить онлайн-диагностику мобильного интернета можно в приложении Мой МТС:
1. В приложении Мой МТС перейдите в раздел Поддержка
2. Нажмите на виджет Сообщить о качестве связи
3. Нажмите Проблемы со связью
4. Выберите Нестабильный интернет, низкая скорость
5. Мы проведём онлайн-диагностику. Если найдём ограничения на вашем номере, сразу на экране напишем, что делать. Если с номером всё окажется в порядке, проверим связь по вашему адресу. Для этого нажмите Указать адрес
6. Заполните все поля на экране и нажмите Сообщить о проблеме
7. Если по адресу найдутся ограничения, информацию о них вы сразу увидите на экране. Если их нет, создадим заявку, чтобы технические специалисты всё проверили. Результат проверки пришлём в СМС",https://support.mts.ru/mts_mobilnyy_internet/reshenie-problem-s-internetom/chto-delat-esli-nizkaya-skorost-mobilnogo-interneta
Добавить интернет,"Чтобы добавить интернет, вы можете воспользоваться Турбо-кнопками, которые позволяют подключить дополнительный пакет интернета. 
Есть два типа Турбо-кнопок:
- с определённым количеством Мбайт или Гбайт
- на определённое время — 6 или 24 часа

Как выбрать и подключить турбо-кнопку:
Способ 1 в приложении Мой МТС:
1. На главном экране перейдите в раздел Каталог.
2. Выберите Услуги.
3. Выберите Интернет.
4. Перейдите в раздел Продлить доступ.
5. Откройте Турбо-кнопки.
6. Выберите подходящее предложение и нажмите Подключить.

Способ 2 В Личном кабинете:
1. Перейдите в раздел Услуги > Доступные.
2. Нажмите Интернет > Продлить доступ.

Если вам постоянно не хватает интернета, рекомендуется выбрать тариф с большим или настраиваемым количеством ГБ.",https://support.mts.ru/mts_mobilnyy_internet/prodlenie-interneta/kak-prodlit-internet-esli-trafik-zakonchilsya
Добавить карту,"Слишком широкий запрос. Возможно вы имели в виду:
Как привязать банковскую карту в приложении Мой МТС
Как привязать банковскую карту в сервисе Строки
Как привязать банковскую карту для оплаты в МТС Pay","https://support.mts.ru/mymts/bankovskie-dannie/kak-privyazat-bankovskuyu-kartu
https://support.mts.ru/stroki/pokupka-knig/kak-privyazat-bankovskuyu-kartu
https://support.mts.ru/mts_id/upravlenie-bankovskimi-kartami-dlya-oplati-v-mts-pay/kak-privyazat-bankovskuyu-kartu-dlya-oplati-v-mts-pay"
Доверительное платеж,"Обещанный платёж платный, его стоимость зависит от размера взятой суммы — подробнее на сайте [https://mts.ru/personal/mobilnaya-svyaz/uslugi/mobilnaya-svyaz/promised-payment]

Есть несколько способов получить обещанный платёж:
В приложении Мой МТС
1. На главной странице нажмите Пополнить
2. Выберите Обещанный платёж
3. Наберите сумму обещанного платежа и нажмите Получить

В Личном кабинете:
Если входите в Личный кабинет с телефона:
1. На главной странице нажмите Пополнить
2. Выберите пункт Обещ. платёж
Если входите в Личный кабинет с компьютера, на главной странице нажмите кнопку Обещ. платёж

С помощью команды или голосового помощника
- наберите *122# или *111*123#
- позвоните по бесплатному номеру 1113 или 111722",https://support.mts.ru/mts_mobilnaya_svyaz/popolnenie-schyota/obeschannii-platyozh
Обещанный платёж,"Обещанный платёж платный, его стоимость зависит от размера взятой суммы — подробнее на сайте [https://mts.ru/personal/mobilnaya-svyaz/uslugi/mobilnaya-svyaz/promised-payment]

Есть несколько способов получить обещанный платёж:
В приложении Мой МТС
1. На главной странице нажмите Пополнить
2. Выберите Обещанный платёж
3. Наберите сумму обещанного платежа и нажмите Получить

В Личном кабинете:
Если входите в Личный кабинет с телефона:
1. На главной странице нажмите Пополнить
2. Выберите пункт Обещ. платёж
Если входите в Личный кабинет с компьютера, на главной странице нажмите кнопку Обещ. платёж

С помощью команды или голосового помощника
- наберите *122# или *111*123#
- позвоните по бесплатному номеру 1113 или 111722",https://support.mts.ru/mts_mobilnaya_svyaz/popolnenie-schyota/obeschannii-platyozh
Не работает обещанный платеж,"Причин почему ошибочный платеж недоступен может быть несколько:
- ваша задолженность больше 600–2000 рублей, точный лимит зависит от региона
- у вас подключена услуга «Лимит на связь», которая позволяет уходить в минус
- у вас есть задолженность по другим лицевым счетам
- вы в МТС меньше 31 дня
- вы в МТС меньше 60 дней, при этом у вас есть задолженность или вы потратили на связь в прошлом месяце меньше 50 рублей
- у вас тариф, на котором обещанный платёж не предоставляется ― это тарифы линеек «Гостевой», «МТС iPad», «Базовый», - «Твоя страна» и «Курортный», «Позвони маме»
- у вас уже подключён обещанный платёж на максимально доступную сумму

Если нет возможности подключить обещанный платёж, воспользуйтесь услугами «Выручай», «Пополни мне счёт» или «Перезвони мне»",https://support.mts.ru/mts_mobilnaya_svyaz/popolnenie-schyota/obeschannii-platyozh
Докупить гигабайты,"Чтобы докупить гигабайты, вы можете воспользоваться Турбо-кнопками, которые позволяют подключить дополнительный пакет интернета. 
Есть два типа Турбо-кнопок:
- с определённым количеством Мбайт или Гбайт
- на определённое время — 6 или 24 часа

Как выбрать и подключить турбо-кнопку:
Способ 1 в приложении Мой МТС:
1. На главном экране перейдите в раздел Каталог.
2. Выберите Услуги.
3. Выберите Интернет.
4. Перейдите в раздел Продлить доступ.
5. Откройте Турбо-кнопки.
6. Выберите подходящее предложение и нажмите Подключить.

Способ 2 В Личном кабинете:
1. Перейдите в раздел Услуги > Доступные.
2. Нажмите Интернет > Продлить доступ.

Если вам постоянно не хватает интернета, рекомендуется выбрать тариф с большим или настраиваемым количеством ГБ.

",https://support.mts.ru/mts_mobilnyy_internet/prodlenie-interneta/kak-prodlit-internet-esli-trafik-zakonchilsya
Домашние интернет,"Слишком широкий запрос. Возможно вы имели в виду:
Как проверить баланс домашнего интернета и ТВ
Как узнать стоимость услуг и дату списания
Как оплатить домашний интернет и ТВ
Что делать, если не работает домашний интернет","https://support.mts.ru/domashnii_internet_i_tv_instruktsiii/schyot-i-oplata/kak-proverit-balans-v-prilozhenii-moi-mts
https://support.mts.ru/domashnii_internet_i_tv_instruktsiii/schyot-i-oplata/kak-uznat-stoimost-uslug-i-datu-spisaniya
https://support.mts.ru/domashnii_internet_i_tv_instruktsiii/schyot-i-oplata/sposobi-oplati
https://support.mts.ru/domashnii_internet_i_tv_instruktsiii/kak-ustranit-nepoladki-v-rabote-domashnego-interneta/chto-delat-esli-ne-rabotaet-domashnii-internet"
дата списания домашний интернет,"Узнать дату списания за домашний интернет можно следующим способом:
Если номер +7 9ХХ ХХХ-ХХ-ХХ или +7 699 ХХХ-ХХ-ХХ
1. Откройте приложение Мой МТС и зайдите в раздел Подключённые услуги и сервисы
2. В разделе Тарифы и подписки вы увидите стоимость тарифа и дату следующего списания
3. В разделе Оборудование — список арендованных устройств, сумму ежемесячного платежа и дату списания

Если номер 49Х XXX-XX-XX или 050 XXX-XX-XX
На главном экране Мой МТС вы увидите подключённые услуги и их стоимость. Платёж списывается в первых числах каждого месяца за предыдущий



",https://support.mts.ru/domashnii_internet_i_tv_instruktsiii/schyot-i-oplata/kak-uznat-stoimost-uslug-i-datu-spisaniya
оплатить домашний интернет,"Есть несколько способов оплаты домашнего интернета без комисии:
1. Через автоплатёж
2. Картой МТС Банка в приложении Мой МТС, приложении МТС Банка, на сайте МТС Оплата, на сайте МТС Pay
3. В офисах МТС Решения для дома картой любого банка или наличными.

При оплате другими способами может списаться комиссия. Информацию о ней вы увидите, когда будете пополнять баланс.

Какой номер вводить для оплаты:
- мобильный или виртуальный номер — указан в пункте 2 договора, как платёжный идентификатор и логин для входа в Личный кабинет или приложение Мой МТС
- номер лицевого счёта — указан в верхнем левом углу договора

",https://support.mts.ru/domashnii_internet_i_tv_instruktsiii/schyot-i-oplata/sposobi-oplati
не работает домашний интернет,"Не работает Wi-Fi:
1. Проверьте баланс в приложении Мой МТС или Личном кабинете. Если он отрицательный, пополните его
2. Перезагрузите роутер — отключите его от розетки на две минуты, а затем снова подключите
3. Удалите сохранённую сеть Wi-Fi на устройстве, с которого не можете подключиться, и подключитесь к ней заново. Подробнее — в статье Как заново подключиться к сети Wi-Fi
4. Проверьте сетевой кабель. Если он не повреждён, отсоедините и вновь подсоедините его до щелчка

Не работает интернет по кабелю:
1. Проверьте сетевой кабель. Если он не повреждён, отсоедините и вновь подсоедините его до щелчка
2. Проверьте баланс в приложении Мой МТС или Личном кабинете. Если он отрицательный, пополните его
3. Перезагрузите роутер, компьютер или ноутбук

Если интернет не появился, напишите в чат приложения Мой МТС:
1. Зайдите в раздел Поддержка
2. Выберите Написать в чат
Мы проведём диагностику, поможем удалённо или создадим заявку на выезд мастера.
",https://support.mts.ru/domashnii_internet_i_tv_instruktsiii/kak-ustranit-nepoladki-v-rabote-domashnego-interneta/chto-delat-esli-ne-rabotaet-domashnii-internet
Дополнительный пакет,"Дополнительные пакеты интернета начинают автоматически подключаться после того, как закончился пакет интернета по тарифу. До следующего списания платы по тарифу может подключиться до 15 дополнительных пакетов. Стоимость каждого пакета списывается в момент его подключения.

Чтобы узнать размер и стоимость дополнительного пакета интернета по тарифу, вы можете воспользоваться приложением Мой МТС или Личным кабинетом. В приложении нужно нажать на название своего тарифа, затем на кнопку ""О тарифе"" и пролистать страницу вниз до таблицы ""Мобильный интернет"". В Личном кабинете можно найти информацию в разделе ""Мой тариф"".

Если дополнительный пакет интернета не был израсходован до начисления основного пакета по тарифу, остаток МБ на следующий месяц не переносится.",https://support.mts.ru/mts_mobilnyy_internet/prodlenie-interneta/avtoprodlenie-interneta
езда в двоем на самокате,"На одном самокате запрещено ездить вдвоём. Это правило связано с безопасностью и может привести к травмам, а также к штрафу до 100 000 ₽ и блокировке аккаунта.",https://support.mts.ru/mts_urent/chto-takoe-mts-yurent/kakie-est-ogranicheniya-v-ispolzovanii-samokata
Заблокировали карту,"Если вашу карту заблокировали, вы можете обратиться в контактный центр по номеру 8 800 250-05-20. Мы перезвоним вам в течение часа и уточним обстоятельства блокировки. Если вы не ответите на звонок, мы отправим СМС с просьбой перезвонить в удобное время.",https://support.mts.ru/debetovie_karti/blokirovka-karti-i-zaschita-ot-moshennikov/chto-delat-esli-bank-zablokiroval-kartu-ili-prilozhenie
Позвонить оператору,Не удалось найти достоверную информацию по данному вопросу в Справке. Попробуйте переформулировать вопрос,-
Почему списалось 2 раза,Не удалось найти достоверную информацию по данному вопросу в Справке. Попробуйте переформулировать вопрос,-
"закончились минуты, как докупить?","Если у вас закончились минуты, вы можете воспользоваться сервисом ""Обнови пакет"". 
С этим сервисом вы получите новые пакеты Гбайт, минут и СМС, оплатив тариф досрочно. Эти пакеты будут действовать месяц. Поэтому в следующий раз плата по тарифу спишется через месяц, а не в день, к которому вы привыкли. Если у вас настроен автоплатёж по расписанию, советуем проверить его дату и при необходимости изменить её.

Обновить пакеты не получится, если:
- на балансе не хватает денег для обновления
- номер заблокирован
- плата по тарифу списывается ежедневно, потому что на балансе не хватает денег на оплату за месяц
- действует 100% скидка на тариф
- плата по тарифу должна списаться ближайшей ночью после разблокировки номера

Как обновить пакеты:
Способ 1. В приложении Мой МТС
1. На главном экране нажмите на название своего тарифа
2. Нажмите на пакет интернета
3. Нажмите Обновить пакеты

Способ 2. В Личном кабинете
В разделе Мой тариф под полем «Остатки пакетов» нажмите Обновить пакеты

Способ 3. С помощью команды или СМС
Наберите *929# или отправьте СМС с любым текстом на номер 9290",https://support.mts.ru/mts_mobilnyy_internet/prodlenie-interneta/kak-prodlit-internet-esli-trafik-zakonchilsya
Заморозить номер телефона,"Для заморозки номера телефона вы можете воспользоваться услугой добровольной блокировки номера. Эта услуга позволяет сохранить пакеты минут, интернета и СМС, а также деньги на балансе при потере телефона или если вы планируете пользоваться номером лишь время от времени.
При добровольной блокировке:
- На номере не работают услуги связи.
- Со счёта не списывается плата за тариф, кроме платы за саму блокировку и арендованное оборудование.
- В первые 14 дней добровольная блокировка бесплатная. Затем — 1,1 ₽/день.
Для подключения услуги вы можете использовать приложение Мой МТС.",https://support.mts.ru/mts_mobilnaya_svyaz/blokirovka-nomera/dobrovolnaya-blokirovka
защитник,"«Защитник» — это набор сервисов для вашей цифровой безопасности.
Бесплатные функции:
- Подскажет текущий уровень безопасности и за последнюю неделю
- Покажет спам-звонки и звонки от мошенников за последние 30 дней
- Определитель номера предупредит, когда звонят с надёжного номера, и когда возможен спам
- Поиск утечек проверит, нет ли в сети ваших личных данных. Если найдёт утечку, подскажет источник и расскажет, как защититься от мошенников
- Функция проверки номеров поможет узнать, безопасен звонок с незнакомого номера или это спам.

Платные сервисы
- «Защитник» определит, с какого номера звонят, если это спамер или возможный мошенник — ответит за вас, запишет разговор и пришлёт расшифровку
- «Безопасный звонок» предупредит о разговоре с возможным мошенником прямо во время звонка, звуковое уведомление услышите только вы
- «Страхование от мошенников» поможет вернуть до 1,5 миллионов рублей, если их украли мошенники
При первом подключении услуга бесплатная 7 дней, затем — 149 ₽/мес для актуальных тарифов и 199 ₽/мес для архивных тарифов. В актуальной версии тарифа «МТС Супер» услуга доступна для подключения без доплат.

Пользоваться и управлять всеми возможностями сервиса «Защитник» вы можете в приложении Мой МТС. Виджет Защитник находится на главном экране в аккаунте вашего основного номера. Если вы управляете несколькими номерами, проследите, что вы вошли в Мой МТС под вашим основным номером.

","https://support.mts.ru/zaschitnik/obschaya-informatsiya-o-zaschitnike/chem-polezen-zaschitnik
https://support.mts.ru/zaschitnik/zaschitnik/kak-podklyuchit-zaschitnik-plyus"
Изменится ли тариф при смене владельца,"При переоформлении номера на другого человека тариф не изменится. Однако отключатся все скидки, лимиты на связь и покупки, автоплатежи, а также некоторые услуги. Новый владелец сможет распоряжаться только теми услугами и тарифами, которые доступны ему.",https://support.mts.ru/mymts/zamena-sim-karti/kak-pereoformit-nomer-na-drugogo-cheloveka
Исправить паспортные данные,"Чтобы исправить паспортные данные, вы можете воспользоваться несколькими способами:
1. Через Госуслуги:
 Перейдите на сайт Госуслуг и следуйте инструкциям для подтверждения данных.
2. По фото паспорта:
 Сфотографируйте разворот паспорта и загрузите его в систему МТС ID. Убедитесь, что фото четкое и без бликов.
3. Через Т-Банк:
 Используйте сервис Т-Банка для подтверждения данных.
4. С помощью Alfa ID:
 Подтвердите данные через Alfa ID.
5. С помощью Сбер ID:
 Используйте Сбер ID для подтверждения данных.",https://support.mts.ru/mts_id/podtverzhdenie-i-izmenenie-dannih-v-akkaunte/kak-podtverdit-dannie-v-mts-id
История звонков,"Посмотреть детализацию звонков за нужный период можно в отчёте по расходам. В нём вы найдёте все даты и суммы списаний и пополнений, список всех звонков, интернет-сессий и СМС.

Что показывает детализация звонков:
- дату и время звонка
- входящий он был или исходящий
- номер телефона, с которого звонили или на который звонили
- сколько длился разговор
- сколько стоил звонок

Распечатку звонков можно бесплатно скачать или получить на email в приложении Мой МТС или в Личном кабинете. Как это сделать:
В приложении Мой МТС:
1. Откройте раздел Расходы.
2. Нажмите на Детализация.
3. Выберите Отчёт по расходам.
4. Укажите период и формат документа: PDF или XLSX.
5. Если хотите сразу загрузить детализацию, нажмите Скачать. Чтобы получить документ на email, введите свой адрес и нажмите Отправить на email.
В Личном кабинете:
1. Перейдите в раздел Расходы.
2. Нажмите на Детализация и счёт.
3. Выберите нужный период.
4. Укажите формат документа: PDF или XLSX.
5. Если хотите сразу загрузить детализацию, нажмите Скачать. Для получения документа на email наберите адрес и нажмите Отправить на email.
Обратите внимание, что детализацию давностью от полугода до трёх лет можно получить только на email.
",https://support.mts.ru/mts_mobilnaya_svyaz/balans-i-spisaniya/kak-sdelat-detalizatsiyu-zvonkov
как вывести деньги с мобильного мтс,"Есть несколько способов перевести деньги с номера МТС на банковскую карту:
В приложении Мой МТС:
1. На главном экране нажмите на сумму баланса
2. Нажмите Оплатить и перевести
3. Выберите По номеру карты
4. В поле «Списать с» выберите Личный кабинет МТС Оплата и нажмите Войти
5. Войдите в Личный кабинет МТС Оплата по номеру телефона, с которого хотите перевести деньги
6. Напишите номер карты, которую хотите пополнить, и сумму перевода. В поле «Списать с» выберите свой номер телефона, с которого хотите перевести деньги. Размер комиссии вы увидите перед переводом после того, как заполните все поля. Нажмите Перевести7. Вам придёт СМС с кодом. Введите его, чтобы подтвердить перевод

В Личном кабинете на сайте МТС Оплата:
 1. Войдите в Личный кабинет на сайте МТС Оплата по номеру, с которого хотите перевести деньги
 2. Нажмите Мой телефон
 3. Выберите Перевести
 4. Выберите На карту. Напишите номер карты, которую хотите пополнить, и сумму перевода. Размер комиссии вы увидите перед переводом после того, как заполните все поля. Нажмите Перевести
5. Вам придёт СМС с кодом. Введите его, чтобы подтвердить перевод

С помощью команды *115#
 1. Наберите команду *115#, следуйте подсказкам и выбирайте нужное действие, вводя цифру, которая ему соответствует
 2. Для перевода на банковскую карту выберите Переводы. Для этого введите 3 и нажмите Отправить
 3. Затем выберите пункт На банк. карту
 4. Введите номер карты
 6. Напишите сумму перевода
 7. Выберите источник перевода: Мой телефон
 8. Вам придёт СМС с номера 1212 с суммой платежа вместе с комиссией. Чтобы подтвердить операцию, в ответ отправьте СМС с любым текстом
 9. После перевода вы получите СМС с подтверждением того, что он выполнен",https://support.mts.ru/mts_mobilnaya_svyaz/oplata-i-perevodi-s-nomera-telefona/kak-perevesti-dengi-s-nomera-mts-na-bankovskuyu-kartu
Как заменить обычную симку на e-sim,"Это можно сделать бесплатно:
- онлайн, если у вас есть подтверждённая учётная запись на Госуслугах
- в салоне экосистемы МТС с паспортом

Как заменить онлайн
Менять SIM-карту на eSIM онлайн можно не чаще, чем раз в 30 дней. Перед оформлением замены:
- приготовьте телефон с действующей SIM-картой, на ваш номер мы пришлём СМС с кодом для подтверждения замены. - Проверьте, что номер не заблокирован
- подключитесь к Wi-Fi, так как во время перехода на eSIM пластиковая SIM-карта перестанет работать и мобильный интернет отключится
Советуем перенести контакты с SIM-карты на телефон, они могут не сохраниться.

Перейти на eSIM онлайн можно двумя способами:
В приложении Мой МТС
1. Перейдите в раздел Каталог
2. Выберите Номер и SIM-карта МТС
3. Выберите Оформить eSIM
4. Нажмите Заменить SIM-карту на eSIM
5. Нажмите Перейти на eSIM
6. Нажмите Подтвердить через Госуслуги
7. Войдите в свой профиль на Госуслугах, чтобы мы проверили ваши персональные данные
8. Нажмите Предоставить
9. Введите email, на который мы пришлём QR-код для активации eSIM. Подпишите заявление на замену
10. Если этот email ещё не был подтвержден в профиле МТС ID, то на него придёт письмо с кодом. Введите код из письма для подтверждения email и нажмите Подтвердить
11. На ваш номер придёт СМС с кодом для подтверждения замены SIM на eSIM. Введите его и нажмите Подтвердить
12. SIM-карта отключится, а на почту придёт письмо с инструкцией по активации eSIM и QR-кодом. О дальнейших действиях рассказываем в статье Как активировать eSIM

В первые 24 часа после замены SIM-карты могут быть ограничены отправка и получение СМС. Это мера безопасности для защиты баланса номера и привязанных к нему сервисов, включая банковские приложения и Госуслуги. ",https://support.mts.ru/mts_mobilnaya_svyaz/esim/kak-zamenit-plastikovuyu-sim-kartu-na-esim
отключить,"Слишком широкий запрос. Возможно вы имели в виду:
Как отключить услуги мобильной связи
Как отключить подписку МТС Premium
Как отключить подписку KION
Как отключить подписку на МТС Музыку","https://support.mts.ru/mts_mobilnaya_svyaz/tarifi-podpiski-i-uslugi/copy-of-kak-proverit-podklyuchennyye-uslugi
https://support.mts.ru/mts-premium/upravlenie-podpiskoi/kak-otklyuchit-mts-premium
https://support.mts.ru/kion/upravlenie-podpiskoi-i-aktivatsiya-promokoda/kak-otklyuchit-podpisku-kion
https://support.mts.ru/mts_mts_muzyka/podpiska-na-mts-muziku/otklyuchenie-avtoprodleniya-podpiski"
Как отключить подписку,"Слишком широкий запрос. Возможно вы имели в виду:
Как отключить услуги мобильной связи
Как отключить подписку МТС Premium
Как отключить подписку KION
Как отключить подписку на МТС Музыку","https://support.mts.ru/mts_mobilnaya_svyaz/tarifi-podpiski-i-uslugi/copy-of-kak-proverit-podklyuchennyye-uslugi
https://support.mts.ru/mts-premium/upravlenie-podpiskoi/kak-otklyuchit-mts-premium
https://support.mts.ru/kion/upravlenie-podpiskoi-i-aktivatsiya-promokoda/kak-otklyuchit-podpisku-kion
https://support.mts.ru/mts_mts_muzyka/podpiska-na-mts-muziku/otklyuchenie-avtoprodleniya-podpiski"
Как отключить премиум,"Подписку можно отключить только там, где вы её подключали. Она отключается не сразу, а в течение 5 минут. Когда всё будет готово, вы получите СМС. Привилегии МТС Premium останутся с вами до конца периода, за который вы уже заплатили. Когда оплаченный период закончится подписка отключится полностью и привилегии будут недоступны.

Отключить подписку:
В приложении Мой МТС
На сайте МТС Premium
В приложении МТС Юрент, KION или другом сервисе экосистемы МТС

Если не удалось отключить подписку по инструкциям, позвоните нам по номеру 8 800 250-09-30. Мы поможем.",https://support.mts.ru/mts-premium/upravlenie-podpiskoi/kak-otklyuchit-mts-premium
Как перейти на архивный тариф,"К сожалению, вернуться на архивный тариф невозможно. Если ваш старый тариф был архивным, вы не сможете на него перейти.",https://support.mts.ru/mts_mobilnaya_svyaz/tarifi-podpiski-i-uslugi/kak-vibrat-tarif-bez-abonentskoi-plati-i-bez-interneta
Как удалить аккаунт,Не удалось найти достоверную информацию по данному вопросу в Справке. Попробуйте переформулировать вопрос,-
Карта,"Слишком широкий запрос. Возможно вы имели в виду:
Как оформить дебетовую карту
Как оформить кредитную карту
Как заблокировать карту 
Как перевыпустить карту
Как закрыть карту","https://support.mts.ru/prilozhenie_mts_bank/karti/kak-oformit-debetovuyu-kartu
https://support.mts.ru/prilozhenie_mts_bank/karti/kak-oformit-kreditnuyu-kartu
https://support.mts.ru/prilozhenie_mts_bank/karti/kak-zablokirovat-kartu
https://support.mts.ru/debetovie_karti/perevipusk-karti/kak-perevipustit-kartu
https://support.mts.ru/prilozhenie_mts_bank/karti/kak-zakrit-kartu"
Кешбек,"Слишком широкий запрос. Возможно вы имели в виду:
Что такое кешбэк в МТС и как его получить
На что можно потратить кешбэк
Сколько действует и когда сгорает накопленный кешбэк
Кешбэк по карте MTS CASHBACK","https://support.mts.ru/mts_cashback/poluchit-keshbek/chto-takoe-keshbek-v-mts-i-kak-ego-poluchit
https://support.mts.ru/mts_cashback/potratit-keshbek/na-chto-mozhno-potratit-keshbek
https://support.mts.ru/mts_cashback/srok-deistviya-nakoplennogo-keshbeka/skolko-deistvuet-i-kogda-sgoraet-nakoplennii-keshbek
https://support.mts.ru/mts_cashback/karta-mts-cashback-169/kakoi-keshbek-po-karte"
Кион,"KION — это сервис, который позволяет смотреть ТВ, любимые сериалы и фильмы на смартфоне, планшете, компьютере, на Smart TV и ТВ-приставках.

20 федеральных каналов доступны бесплатно. Чтобы смотреть другие, а также фильмы и сериалы, купите их или подключите подписку.

KION можно пользоваться с SIM-картой любого российского оператора. Если вы войдёте в KION с номером МТС, на котором сервис уже подключён — сможете пользоваться им в сети другого оператора. Трафик будет расходоваться по вашему тарифу.",https://support.mts.ru/kion/chto-takoe-kion/chto-takoe-kion
Когда наладится каналы НТВ,"Если у вас возникли проблемы с трансляцией каналов, в том числе НТВ, рекомендуется Cбросить список каналов и запустить поиск заново. Для этого:
1. Откройте меню ТВ-приставки кнопкой на пульте управления
2. Перейдите в раздел Персональные настройки, он также может называться Установки. Названия разделов могут отличаться на разных моделях приставок
3. Выберите Очистить список каналов или Сброс каналов
4. Введите ПИН-код — по умолчанию 0000
5. Появится окно для подтверждения сброса списка каналов. Выберите кнопку Да на экране ТВ
6. Вы увидите предложение выполнить поиск каналов. Нажмите кнопку OK на пульте управления

Если у вас комплект с CAM-модулем, для поиска каналов используйте автопоиск в меню настроек телевизора. Обычно этот пункт может называться «Автонастройка», «Автопоиск» или Auto Tuning.

После сканирования вы увидите количество найденных каналов. Некоторые из них могут поменять своё место. Просмотрите весь список, чтобы найти нужный.",https://support.mts.ru/mts_stv/chasto-zadavaemie-voprosi/sboi-v-translyatsii-kanalov
Лимит на связь,"«Лимит на связь» — это услуга, позволяющая продолжать пользоваться мобильной связью, даже если баланс отрицательный. Вы можете звонить, отправлять сообщения и пользоваться интернетом, пока баланс не опустится ниже установленного лимита, который может составлять от 300 до 3000 ₽. Сумма лимита рассчитывается автоматически на основе ваших расходов, срока обслуживания и других факторов. 

Лимит пересчитывается каждый месяц и может изменяться в зависимости от использования связи.

Управлять лимитом удобнее всего через приложение Мой МТС. Чтобы подключить услугу, нужно выполнить несколько шагов в приложении. Однако, если у вас есть задолженность или вы пользуетесь номером менее трех месяцев, услуга может быть недоступна.

Подробнее об услуге «Лимит» на сайте [https://mts.ru/personal/mobilnaya-svyaz/uslugi/mobilnaya-svyaz/limit]",https://support.mts.ru/mts_mobilnaya_svyaz/balans-i-spisaniya/limit-na-svyaz
Можно вернуться на прежний тариф,"Вернуться на прежний тариф невозможно, если он был архивным. При переходе на другой тариф сгорают непотраченные пакеты по старому тарифу и скидка на абонентскую плату.",https://support.mts.ru/mts_mobilnaya_svyaz/tarifi-podpiski-i-uslugi/kak-vibrat-tarif-bez-abonentskoi-plati-i-bez-interneta
Настройки,"Слишком широкий запрос. Возможно вы имели в виду:
Как настроить интернет на телефоне
Ручная настройка каналов и возврат к заводским настройкам спутникового ТВ
","https://support.mts.ru/mts_mobilnyy_internet/novim-polzovatelyam/vozmozhnosti-i-stoimost
https://support.mts.ru/mts_stv/ustanovka-i-nastroika-oborudovaniya/ruchnaya-nastroika-kanalov-i-vozvrat-k-zavodskim-nastroikam"
Не верно указана прописка,"Чтобы исправить паспортные данные, вы можете воспользоваться несколькими способами:
1. Через Госуслуги:
 Перейдите на сайт Госуслуг и следуйте инструкциям для подтверждения данных.
2. По фото паспорта:
 Сфотографируйте разворот паспорта и загрузите его в систему МТС ID. Убедитесь, что фото четкое и без бликов.
3. Через Т-Банк:
 Используйте сервис Т-Банка для подтверждения данных.
4. С помощью Alfa ID:
 Подтвердите данные через Alfa ID.
5. С помощью Сбер ID:
 Используйте Сбер ID для подтверждения данных.",https://support.mts.ru/mts_id/podtverzhdenie-i-izmenenie-dannih-v-akkaunte/kak-podtverdit-dannie-v-mts-id
Не видит сим карту,"Если телефон не считывает SIM-карту, перезагрузите его. 
Ещё несколько возможных причин и простых советов:
- если на телефоне включён авиарежим, отключите его в настройках телефона
- если вы более шести месяцев не пользовались номером, узнайте о порядке действий в статье Блокировка из-за долгого неиспользования номера
- если SIM-карта перестала работать при выезде за границу, возможно, на номере не подключен роуминг. О его проверке и подключении читайте в статье Как подключить услуги для доступа к связи и интернету в роуминге

Ничего не помогло — проверьте SIM-карту в другом телефоне. Если и в нём она не работает, замените её — о процедуре рассказываем в статье Как заменить SIM-карту [https://l.mts.ru/zamenasim]",https://support.mts.ru/mts_mobilnaya_svyaz/zamena-nomera-ili-sim-karti-i-pereoformlenie/chto-delat-esli-ne-rabotaet-sim-karta-net-seti
Не даёт оплатить apple id,"Оплата в App Store может не проходить, если:
- по вашему номеру подключён запрет на платежи с баланса. Проверить и отключить его можно в Личном кабинете на сайте МТС Оплата: перейдите в раздел Мой телефон > Снять запрет
- в вашем профиле в Личном кабинете на сайте МТС Оплата отключено разрешение обработки персональных данных. Чтобы включить его, передвиньте переключатель на «Разрешена обработка персональных данных»
- на балансе нет нужной суммы
- у вас корпоративный номер. В таком случае вы можете платить в App Store с помощью электронного кошелька МТС

Если вы всё проверили, но пополнить Apple ID или заплатить в App Store всё равно не получается:
1. Удалите из учётной записи Apple ID текущий способ оплаты 
2. Добавьте его заново: Оплата и доставка > Изменить > Удалить способ оплаты «Мобильный телефон» со своим номером. 

Удалить номер телефона не получится, если это единственный способ оплаты. В этом случае: 
1. Добавьте в способы оплаты другой номер телефона. Важно, чтобы у вас был доступ к СМС, которая придёт на этот номер для подтверждения
2. Удалите ваш основной номер
3. Добавьте его снова

Если рекомендации не помогли, свяжитесь с нами:
- с номеров МТС по России в сети МТС и в сетях МТС Беларусь — 0890
- с городских телефонов и с мобильных других сотовых операторов — 8 800 250-08-90",https://support.mts.ru/mts_mobilnaya_svyaz/oplata-v-app-store-c-nomera-telefona/chto-delat-esli-ne-prohodit-oplata-s-nomera-telefona-v-app-store
Не законно списали деньги за смс,Не удалось найти достоверную информацию по данному вопросу в Справке. Попробуйте переформулировать вопрос,-
Не могу войти в приложение,"Решение проблем со входом в МТС ID:
Что делать, если забыл пароль для входа в МТС ID
Что делать, если на основной номер не приходит СМС с кодом для входа в МТС ID
Что делать, если на резервный номер не приходит СМС с кодом для входа в МТС ID
Что делать, если код для входа в МТС ID не приходит на email
Что делать, если аккаунт МТС ID временно заблокирован","https://support.mts.ru/mts_id/chto-delat-esli-voznikli-problemi-so-vhodom/chto-delat-esli-zabil-parol-dlya-vhoda-v-mts-id
https://support.mts.ru/mts_id/chto-delat-esli-voznikli-problemi-so-vhodom/chto-delat-esli-na-osnovnoi-nomer-ne-prihodit-sms-s-kodom-dlya-vhoda-v-mts-id
https://support.mts.ru/mts_id/chto-delat-esli-voznikli-problemi-so-vhodom/chto-delat-esli-na-rezervnii-nomer-ne-prihodit-sms-s-kodom-dlya-vhoda-v-mts-id
https://support.mts.ru/mts_id/chto-delat-esli-voznikli-problemi-so-vhodom/chto-delat-esli-kod-dlya-vhoda-v-mts-id-ne-prihodit-na-email
https://support.mts.ru/mts_id/chto-delat-esli-voznikli-problemi-so-vhodom/chto-delat-esli-akkaunt-mts-id-vremenno-zablokirovan
https://support.mts.ru/mts_id/chto-delat-esli-voznikli-problemi-so-vhodom/pochemu-pri-vhode-v-mts-id-poroi-nuzhno-vvodit-simvoli-s-kartinki"
оплата бонусами,"С подпиской МТС Premium кешбэк можно тратить:

на оплату мобильной связи МТС и МГТС, в том числе и на тарифах с домашним интернетом и ТВ
на покупку товаров в интернет-магазине МТС и в салонах экосистемы МТС
на билеты в МТС Live и Ticketland
на установку мелодий вместо гудков на сайте МТС GOOD’OK
Все предложения указаны в разделе Потратить [https://cashback.mts.ru/spend]. Вывести кешбэк на банковскую карту нельзя. 

Без подписки МТС Premium кешбэк можно потратить только на благотворительность.

",https://support.mts.ru/mts_cashback/potratit-keshbek/na-chto-mozhno-potratit-keshbek
подписки,"Проверить подключенные подписки на номере можно следующими способами:
В приложении Мой МТС
1. На главном экране нажмите Подключённые услуги и сервисы
2. На открывшемся экране вы увидите:
- платные услуги и их стоимость, если такие подключены
- список бесплатных услуг
Нажмите на название услуги, чтобы открыть её описание или отключить
Если у вас тариф с абонентской платой, она также будет показана на экране. Отключить плату за тариф нельзя, но можно изменить тариф на другой, если он вам не подходит.

В Личном кабинете:
 1. Перейдите в раздел Услуги > Подключённые 
 2. На открывшемся экране вы увидите:
- платные услуги и их стоимость, если такие подключены
- список бесплатных услуг
Для отключения справа от названия услуги нажмите Отключить
Если у вас тариф с абонентской платой, она также будет показана на экране. Отключить плату за тариф нельзя, но можно изменить тариф на другой, если он вам не подходит.
",https://support.mts.ru/mts_mobilnaya_svyaz/tarifi-podpiski-i-uslugi/kak-proverit-podklyuchennyye-uslugi
убрать мелодию со звонка,"Чтобы убрать мелодию со звонка, вы можете воспользоваться одним из следующих способов:
В приложении Мой МТС:
1. На главном экране нажмите Подключённые услуги и сервисы
2. Выберите МТС GOOD'OK в разделе Подключённые услуги связи
3. Нажмите Мои мелодии
4. Нажмите на мелодию, которую хотите удалить.
5. Нажмите Отключить

В Личном кабинете на сайте МТС GOOD’OK:
1. Перейдите в Личный кабинет сервиса > Мои мелодии
2. Выберите мелодию, которую хотите удалить.
3. Нажмите Удалить мелодию и подтвердите действие.

Также можно использовать команду:
Наберите *111*29# для отключения услуги GOOD'OK, что также приведет к удалению всех мелодий.",https://support.mts.ru/mts_goodok/populyarnyye-voprosy-115/kak-udalit-melodiyu
Услуги,"Проверить подключенные услуги на номере можно следующими способами:
В приложении Мой МТС
1. На главном экране нажмите Подключённые услуги и сервисы
2. На открывшемся экране вы увидите:
- платные услуги и их стоимость, если такие подключены
- список бесплатных услуг
Нажмите на название услуги, чтобы открыть её описание или отключить
Если у вас тариф с абонентской платой, она также будет показана на экране. Отключить плату за тариф нельзя, но можно изменить тариф на другой, если он вам не подходит.

В Личном кабинете:
 1. Перейдите в раздел Услуги > Подключённые 
 2. На открывшемся экране вы увидите:
- платные услуги и их стоимость, если такие подключены
- список бесплатных услуг
Для отключения справа от названия услуги нажмите Отключить
Если у вас тариф с абонентской платой, она также будет показана на экране. Отключить плату за тариф нельзя, но можно изменить тариф на другой, если он вам не подходит.
",https://support.mts.ru/mts_mobilnaya_svyaz/tarifi-podpiski-i-uslugi/kak-proverit-podklyuchennyye-uslugi
E sim на др тел,"Перед загрузкой eSIM в другой телефон её нужно удалить с прежнего устройства, на котором она установлена:

если у вас сохранился прежний телефон, удалите eSIM в его настройках
если у вас нет доступа к прежнему телефону, замените eSIM на новую — она отключится от устройства автоматически. Как заменить eSIM, рассказываем в статье [https://l.mts.ru/poterya-esim]

Как удалить eSIM:
 1. Подключите устройство к интернету через Wi-Fi или к мобильному интернету другой SIM-карты
Не отключайте устройство от интернета и не выходите из меню до окончания удаления eSIM — иногда процесс идёт небыстро
 2. Отключите VPN, если он включен
 3. Зайдите в меню телефона для удаления eSIM
- на iOS: Настройки > Сотовая связь > Удалить eSIM
- на Android: Настройки > Подключения > Диспетчер SIM-карт > eSIM > Удалить
 4. После удаления eSIM подождите 1–2 минуты. Теперь eSIM можно загрузить в другое устройство — инструкция в статье Как активировать eSIM [https://l.mts.ru/aktivesim]",https://support.mts.ru/mts_mobilnaya_svyaz/esim/kak-perenesti-esim-v-novii-telefon
